{
  "movies": [
    {
      "id": 1,
      "title": "Looper",
      "description": "It revolves around \"present-day\" contract killers called \"loopers\", hired by criminal syndicates from the future to terminate victims whom they send back through time.",
      "releaseDate": "2023-08-01",
      "duration": 120,
      "posterUrl": "assets/looper.jpg",
      "city": "Bangalore",
      "theater": "Theater A",
      "trailerUrl": "https://youtu.be/2iQuhsmtfHw",
      "rating": 8.9
    },
    {
      "id": 2,
      "title": "The Way Back",
      "description": "An understated portrait of a man battling his demons and trauma that never succumbs to maudlin emotion",
      "releaseDate": "2023-08-15",
      "duration": 110,
      "posterUrl": "assets/movie2.jpg",
      "city": "Bangalore",
      "theater": "Theater A",
      "trailerUrl": "https://youtu.be/VzNJVSsjE-I",
      "rating": 8.9
    },
    {
      "id": 3,
      "title": "Avatar",
      "description": " It is predestined to launch a cult. It contains such visual detailing that it would reward repeating viewings.",
      "releaseDate": "2023-08-22",
      "duration": 105,
      "posterUrl": "assets/image3.jpg",
      "city": "Bangalore",
      "theater": "Theater B",
      "trailerUrl": "https://youtu.be/d9MyW72ELq0",
      "rating": 8.9
    },
    {
      "id": 4,
      "title": "Acid Man",
      "description": "This is movie 4 description",
      "releaseDate": "2023-09-05",
      "duration": 115,
      "posterUrl": "assets/movie4.jpg",
      "city": "Hyderabad",
      "theater": "Theater B",
      "trailerUrl": "https://youtu.be/7VGcHgVnOw4",
      "rating": 8.9
    },
    {
      "id": 5,
      "title": "Johnwick Chapter-IV",
      "description": "This is movie 5 description.",
      "releaseDate": "2023-09-12",
      "duration": 100,
      "posterUrl": "assets/image5.jpg",
      "city": "Hyderabad",
      "theater": "Theater C",
      "trailerUrl": "https://youtu.be/kEvgZCxI3vY",
      "rating": 7.6
    },
    {
      "id": 6,
      "title": "The Little Mermaid",
      "description": "This is movie 6 description.",
      "releaseDate": "2023-09-25",
      "duration": 130,
      "posterUrl": "assets/image6.jpg",
      "city": "Hyderabad",
      "theater": "Theater C",
      "trailerUrl": "https://youtu.be/BfxwaKwx_zM",
      "rating": 8.9
    },
    {
      "id": 7,
      "title": "The End of the Road Begins",
      "description": "This is movie 7 description.",
      "releaseDate": "2023-08-05",
      "duration": 115,
      "posterUrl": "assets/image7.jpg",
      "city": "Hyderabad",
      "theater": "Theater A",
      "trailerUrl": "https://youtu.be/32RAq6JzY-w",
      "rating": 8.9
    },
    {
      "id": 8,
      "title": "The Indiana Jones",
      "description": "This is movie 8 description.",
      "releaseDate": "2023-08-18",
      "duration": 105,
      "posterUrl": "assets/image8.jpg",
      "city": "Hyderabad",
      "theater": "Theater A",
      "trailerUrl": "https://youtu.be/ZfVYgWYaHmE",
      "rating": 8.9
    },
    {
      "id": 9,
      "title": "The Last of Us",
      "description": "This is movie 9 description.",
      "releaseDate": "2023-08-25",
      "duration": 120,
      "posterUrl": "assets/image9.jpg",
      "city": "Bangalore",
      "theater": "Theater B",
      "trailerUrl": "https://youtu.be/7ddBifCzUl8",
      "rating": 8.9
    },
    {
      "id": 10,
      "title": "OppenHeimer",
      "description": "This is movie 10 description.",
      "releaseDate": "2023-09-08",
      "duration": 110,
      "posterUrl": "assets/image10.jpg",
      "city": "Bangalore",
      "theater": "Theater B",
      "trailerUrl": "https://youtu.be/uYPbbksJxIg",
      "rating": 8.9
    },
    {
      "id": 11,
      "title": "Scream",
      "description": "This is movie 11 description.",
      "releaseDate": "2023-09-15",
      "duration": 105,
      "posterUrl": "assets/image11.jpg",
      "city": "Bangalore",
      "theater": "Theater C",
      "trailerUrl": "https://youtu.be/h74AXqw4Opc",
      "rating": 8.9
    },
    {
      "id": 12,
      "title": "Insidious",
      "description": "This is movie 12 description.",
      "releaseDate": "2023-09-22",
      "duration": 110,
      "posterUrl": "assets/image12.jpg",
      "city": "Bangalore",
      "theater": "Theater D",
      "trailerUrl": "https://youtu.be/ZuQuOnYnr3Q",
      "rating": 8.9
    },
    {
      "id": 13,
      "title": "Aquaman",
      "description": "This is movie 11 description.",
      "releaseDate": "2023-09-15",
      "duration": 105,
      "posterUrl": "assets/image13.jpg",
      "city": "Hyderabad",
      "theater": "Theater C",
      "trailerUrl": "https://youtu.be/WDkg3h8PCVU",
      "rating": 8.9
    },
    {
      "id": 14,
      "title": "The Witcher",
      "description": "This is movie 12 description.",
      "releaseDate": "2023-09-22",
      "duration": 110,
      "posterUrl": "assets/image14.jpg",
      "city": "Hyderabad",
      "theater": "Theater D",
      "trailerUrl": "https://youtu.be/ndl1W4ltcmg",
      "rating": 8.9
    },
    {
      "id": 15,
      "title": "RenField",
      "description": "This is movie 11 description.",
      "releaseDate": "2023-09-15",
      "duration": 105,
      "posterUrl": "assets/image15.jpg",
      "city": "Hyderabad",
      "theater": "Theater C",
      "trailerUrl": "https://youtu.be/6LmO6rmDW08",
      "rating": 8.9
    },
    {
      "id": 16,
      "title": "The Covenant",
      "description": "This is movie 16 description.",
      "releaseDate": "2023-09-22",
      "duration": 110,
      "posterUrl": "assets/image16.jpg",
      "city": "Hyderabad",
      "theater": "Theater D",
      "trailerUrl": "https://youtu.be/9t4LnMEWE64",
      "rating": 8.9
    },
    {
      "id": 17,
      "title": "The Wrath of Becky",
      "description": "This is movie 17 description.",
      "releaseDate": "2023-09-22",
      "duration": 110,
      "posterUrl": "assets/image17.jpg",
      "city": "Hyderabad",
      "theater": "Theater D",
      "trailerUrl": "https://youtu.be/Q-RnvQACrH0",
      "rating": 8.9
    }
  ]
}
